{"cameraMode":{"drawMode":0,"name":"Shaded","section":"Shading Mode"},"sceneLighting":true,"audioPlay":false,"sceneViewState":{"m_AlwaysRefresh":false,"showFog":true,"showSkybox":true,"showFlares":true,"showImageEffects":true,"showParticleSystems":true,"showVisualEffectGraphs":true,"m_FxEnabled":true},"in2DMode":false,"pivot":{"x":-10.720000267028809,"y":2.109999895095825,"z":0.20000004768371583},"rotation":{"x":0.00047163822455331683,"y":-0.999504566192627,"z":0.017990710213780404,"w":0.026389073580503465},"size":2.7004427909851076,"orthographic":true}