{"cameraMode":{"drawMode":0,"name":"Shaded","section":"Shading Mode"},"sceneLighting":false,"audioPlay":false,"sceneViewState":{"m_AlwaysRefresh":false,"showFog":true,"showSkybox":false,"showFlares":true,"showImageEffects":true,"showParticleSystems":true,"showVisualEffectGraphs":true,"m_FxEnabled":true},"in2DMode":false,"pivot":{"x":-2.349317789077759,"y":1.9128453731536866,"z":0.00018174118304159492},"rotation":{"x":0.0007359038572758436,"y":0.9992035627365112,"z":-0.021885983645915986,"w":0.033583980053663257},"size":1.0672640800476075,"orthographic":true}