{"cameraMode":{"drawMode":0,"name":"Shaded","section":"Shading Mode"},"sceneLighting":true,"audioPlay":false,"sceneViewState":{"m_AlwaysRefresh":false,"showFog":true,"showSkybox":false,"showFlares":true,"showImageEffects":true,"showParticleSystems":true,"showVisualEffectGraphs":true,"m_FxEnabled":true},"in2DMode":false,"pivot":{"x":0.7899999618530273,"y":0.7512323260307312,"z":1.5324299335479737},"rotation":{"x":0.10790014266967774,"y":0.5458306074142456,"z":0.0711398720741272,"w":-0.8278825879096985},"size":22.30990982055664,"orthographic":true}