{"cameraMode":{"drawMode":0,"name":"Shaded","section":"Shading Mode"},"sceneLighting":false,"audioPlay":false,"sceneViewState":{"m_AlwaysRefresh":false,"showFog":false,"showSkybox":false,"showFlares":false,"showImageEffects":false,"showParticleSystems":false,"showVisualEffectGraphs":true,"m_FxEnabled":true},"in2DMode":false,"pivot":{"x":-0.7388641834259033,"y":0.7897700071334839,"z":-0.204806387424469},"rotation":{"x":-0.03137744590640068,"y":-0.08624768257141113,"z":-0.002718939445912838,"w":0.9957807660102844},"size":1.9320883750915528,"orthographic":false}